Level,Organization Name,Parent Organization Name,Account Type Alias,Current Balance,Avaliable Balance,Reserved Balance,Unclear Balance
1	,"	462300-XAWADLOW COMPANY LIMITED"	,	,Commission Account	,"KSH51,792.21"	,"KSH51,792.21"	,"KSH0.00"	,"KSH0.00"	
2	,"	2000004-Xawadlow Co LtdJAMBO MINI MARKET LEKURU CENTRE Agg"	,XAWADLOW COMPANY LIMITED	,Commission Account	,"KSH3,097.01"	,"KSH3,097.01"	,"KSH0.00"	,"KSH0.00"	
2	,"	2000005-Xawadlow Co Ltd lovy fashion salga Nakuru West"	,XAWADLOW COMPANY LIMITED	,Commission Account	,"KSH2,772.00"	,"KSH2,772.00"	,"KSH0.00"	,"KSH0.00"	
2	,"	2003257-Xawadlow Co Ltd TUMAINI SHOP MAJANI MINGI AREAAgg"	,XAWADLOW COMPANY LIMITED	,Commission Account	,"KSH1,579.39"	,"KSH1,579.39"	,"KSH0.00"	,"KSH0.00"	
2	,"	2003258-Xawadlow Co Ltd SAM DEN COMPUTERS agg"	,XAWADLOW COMPANY LIMITED	,Commission Account	,"KSH6,130.17"	,"KSH6,130.17"	,"KSH0.00"	,"KSH0.00"	
2	,"	2006666-Xawadlow Co Ltd MAMA JOSHUA SHOP BULBULNGONG KAJIADO"	,XAWADLOW COMPANY LIMITED	,Commission Account	,"KSH4,772.51"	,"KSH4,772.51"	,"KSH0.00"	,"KSH0.00"	
2	,"	2006667-Xawadlow Co Ltd NOAH SHOP CHEPSEON mktAgg"	,XAWADLOW COMPANY LIMITED	,Commission Account	,"KSH5,580.55"	,"KSH5,580.55"	,"KSH0.00"	,"KSH0.00"	
2	,"	2006668-Xawadlow Co Ltd KATHIANI AGROVET KITUI KATHIANI TOWN"	,XAWADLOW COMPANY LIMITED	,Commission Account	,"KSH929.60"	,"KSH929.60"	,"KSH0.00"	,"KSH0.00"	
2	,"	2016099-XAWADLOW CO MESWO TRADING CENTRE NEAR KIPKEIBON SEC SCH MOSORIOT LESSOS"	,XAWADLOW COMPANY LIMITED	,Commission Account	,"KSH374.40"	,"KSH374.40"	,"KSH0.00"	,"KSH0.00"	
2	,"	2019002-Xawadlow Co Ltd MAJI STORES MAJI MAZURI ELDAMA RAVINE"	,XAWADLOW COMPANY LIMITED	,Commission Account	,"KSH29,832.09"	,"KSH29,832.09"	,"KSH0.00"	,"KSH0.00"	
2	,"	2019674-Xawadlow Co Ltd ELOHIM SHOP Kisauni"	,XAWADLOW COMPANY LIMITED	,Commission Account	,"KSH2,645.37"	,"KSH2,645.37"	,"KSH0.00"	,"KSH0.00"	
2	,"	2024647-Xawadlow Co Ltd 001 PUB LOKICHOR NEAR JAMCITY"	,XAWADLOW COMPANY LIMITED	,Commission Account	,"KSH4,225.79"	,"KSH4,225.79"	,"KSH0.00"	,"KSH0.00"	
2	,"	2027053-Xawadlow Co Ltd NAKILORO SHOP TOWN CHINI LODWAR TOWN"	,XAWADLOW COMPANY LIMITED	,Commission Account	,"KSH3,380.90"	,"KSH3,380.90"	,"KSH0.00"	,"KSH0.00"	
2	,"	2035630-XAWADLOW COMPANY ACE ELECTRICALS KIAMBU"	,XAWADLOW COMPANY LIMITED	,Commission Account	,"KSH1,348.40"	,"KSH1,348.40"	,"KSH0.00"	,"KSH0.00"	
2	,"	2035631-Xawadlow Co Ltd VIGETSE SHOP VIHIGA TOWN"	,XAWADLOW COMPANY LIMITED	,Commission Account	,"KSH4,182.28"	,"KSH4,182.28"	,"KSH0.00"	,"KSH0.00"	
2	,"	2035632-Xawadlow Co LtdT WA MINI MARKET MATASIA KISERIAN"	,XAWADLOW COMPANY LIMITED	,Commission Account	,"KSH5,320.89"	,"KSH5,320.89"	,"KSH0.00"	,"KSH0.00"	
2	,"	2048019-Xawadlow Co Ltd KISERIAN FAIRDEAL WEARS"	,XAWADLOW COMPANY LIMITED	,Commission Account	,"KSH634.60"	,"KSH634.60"	,"KSH0.00"	,"KSH0.00"	
2	,"	2048020-Xawadlow Co Ltd MAMA DEHOFY SHOP SIKHENDU CENTRE KAKAMEGA"	,XAWADLOW COMPANY LIMITED	,Commission Account	,"KSH7,610.94"	,"KSH7,610.94"	,"KSH0.00"	,"KSH0.00"	
2	,"	2054579-Xawadlow Co Ltd NTASHART HOLDINGS Olenguru One"	,XAWADLOW COMPANY LIMITED	,Commission Account	,"KSH2,098.89"	,"KSH2,098.89"	,"KSH0.00"	,"KSH0.00"	
2	,"	2054580-Xawadlow Co Ltd ZACHARY SMALL HARDWARE EBIGOGO CENTRE Agg"	,XAWADLOW COMPANY LIMITED	,Commission Account	,"KSH9,082.57"	,"KSH9,082.57"	,"KSH0.00"	,"KSH0.00"	
2	,"	2055618-Xawadlow Co Ltd GULF SHOP"	,XAWADLOW COMPANY LIMITED	,Commission Account	,"KSH8,810.49"	,"KSH8,810.49"	,"KSH0.00"	,"KSH0.00"	
2	,"	2055619-Xawadlow Co Ltd HODAN GENERAL SHOP Molo"	,XAWADLOW COMPANY LIMITED	,Commission Account	,"KSH5,141.60"	,"KSH5,141.60"	,"KSH0.00"	,"KSH0.00"	
2	,"	2055620-Xawadlow Co Ltd NAHUM TRADING MARIAKANI"	,XAWADLOW COMPANY LIMITED	,Commission Account	,"KSH161.60"	,"KSH161.60"	,"KSH0.00"	,"KSH0.00"	
2	,"	2055796-Xawadlow Co Ltd Himaki Centre Nandi MOI UNIVERSITY KAPSABET"	,XAWADLOW COMPANY LIMITED	,Commission Account	,"KSH0.00"	,"KSH0.00"	,"KSH0.00"	,"KSH0.00"	
2	,"	2059872-Xawadlow Co Ltd MAMA CECILIA KIOSK SAMBUT"	,XAWADLOW COMPANY LIMITED	,Commission Account	,"KSH7,159.40"	,"KSH7,159.40"	,"KSH0.00"	,"KSH0.00"	
2	,"	2059873-Xawadlow Co Ltd HANAN GENERAL SHOP KINANGOP"	,XAWADLOW COMPANY LIMITED	,Commission Account	,"KSH7,840.10"	,"KSH7,840.10"	,"KSH0.00"	,"KSH0.00"	
2	,"	2067585-Xawadlow Co Ltd FAIRVIEW GENERAL SHOP GITHURAI 44"	,XAWADLOW COMPANY LIMITED	,Commission Account	,"KSH1,919.20"	,"KSH1,919.20"	,"KSH0.00"	,"KSH0.00"	
2	,"	2067586-Xawadlow Co Ltd PREMIER MOTOR SPARE SHOP"	,XAWADLOW COMPANY LIMITED	,Commission Account	,"KSH1,908.80"	,"KSH1,908.80"	,"KSH0.00"	,"KSH0.00"	
2	,"	2068762-Xawadlow Co Ltd MIMA gen SHOP LANGAS ELDORET"	,XAWADLOW COMPANY LIMITED	,Commission Account	,"KSH11,085.00"	,"KSH11,085.00"	,"KSH0.00"	,"KSH0.00"	
2	,"	2068923-Xawadlow Co Ltd JAMBOLOCKS"	,XAWADLOW COMPANY LIMITED	,Commission Account	,"KSH7,968.90"	,"KSH7,968.90"	,"KSH0.00"	,"KSH0.00"	
2	,"	2068924-Xawadlow Co Ltd KOBITIKA SHOP"	,XAWADLOW COMPANY LIMITED	,Commission Account	,"KSH19,133.99"	,"KSH19,133.99"	,"KSH0.00"	,"KSH0.00"	
2	,"	2073325-Xawadlow Co Ltd DEEKAY SHOP KISERIAN KAJIADO COUNTY"	,XAWADLOW COMPANY LIMITED	,Commission Account	,"KSH3,577.60"	,"KSH3,577.60"	,"KSH0.00"	,"KSH0.00"	
2	,"	2073326-Xawadlow Co Ltd CLAY CITY STREET Thika Makongeni"	,XAWADLOW COMPANY LIMITED	,Commission Account	,"KSH5,184.98"	,"KSH5,184.98"	,"KSH0.00"	,"KSH0.00"	
2	,"	2073327-Xawadlow Co Ltd SAWICH SHOP NGERE KAGOROAWASI"	,XAWADLOW COMPANY LIMITED	,Commission Account	,"KSH10,884.45"	,"KSH10,884.45"	,"KSH0.00"	,"KSH0.00"	
2	,"	2074929-Xawadlow Co Ltd NEEMA SHOP KAMUKURU STAGE"	,XAWADLOW COMPANY LIMITED	,Commission Account	,"KSH4,098.60"	,"KSH4,098.60"	,"KSH0.00"	,"KSH0.00"	
2	,"	2074931-Xawadlow Co Ltd GLEN SHOP OMOBERA MARKET"	,XAWADLOW COMPANY LIMITED	,Commission Account	,"KSH4,198.53"	,"KSH4,198.53"	,"KSH0.00"	,"KSH0.00"	
2	,"	2088626-Xawadlow Co Ltd Leon Shop Siaya"	,XAWADLOW COMPANY LIMITED	,Commission Account	,"KSH3,521.80"	,"KSH3,521.80"	,"KSH0.00"	,"KSH0.00"	
2	,"	2135574-Xawadlow Co Ltd VECTOR CYBER Molo"	,XAWADLOW COMPANY LIMITED	,Commission Account	,"KSH3,615.77"	,"KSH3,615.77"	,"KSH0.00"	,"KSH0.00"	
2	,"	2135575-Xawadlow Co Ltd PALE PALE HOTEL MARSABIT"	,XAWADLOW COMPANY LIMITED	,Commission Account	,"KSH6,322.60"	,"KSH6,322.60"	,"KSH0.00"	,"KSH0.00"	
2	,"	3004202-XAWADLOW COMPANY   SAJILONI DALLASS SHOP Namanga KIAMBU"	,XAWADLOW COMPANY LIMITED	,Commission Account	,"KSH0.00"	,"KSH0.00"	,"KSH0.00"	,"KSH0.00"	
2	,"	424176-Xawadlow Co Ltd MOMBASA ROAD Agg"	,XAWADLOW COMPANY LIMITED	,Commission Account	,"KSH7,143.79"	,"KSH7,143.79"	,"KSH0.00"	,"KSH0.00"	
2	,"	424177-Xawadlow Co Ltd DOSKIM ENTERPRICE RAJEJA PLAZA ELDAMARAVINE"	,XAWADLOW COMPANY LIMITED	,Commission Account	,"KSH3,358.80"	,"KSH3,358.80"	,"KSH0.00"	,"KSH0.00"	
2	,"	424178-Xawadlow Co Ltd NJIA PARADISE GIKOMBA"	,XAWADLOW COMPANY LIMITED	,Commission Account	,"KSH970.00"	,"KSH970.00"	,"KSH0.00"	,"KSH0.00"	
